ocID,firstName,lastName,phoneNumber,email
1,Sherlock,Holmes,349349,sholmes@bakerstreet.com
2,John,Watson,332909,drjwatson@myblog.com
3,Percy,Jackson,390293,percyj@lightningthief.com
4,Hyunjin,Hwang,349302,hhyunjin@skz.kr
5,Arthur,Dent,348493,dent@hitchhiking101.com
6,Chul,Kang,392839,kangchul@twoworlds.com
7,Hanbin,Kim,347928,khanbin@in.com
8,Jack,Marsh,342948,jackm1298@gmail.com
7,Hanbin,Kim,347928,khanbin@in.com
8,Jack,Marsh,342948,jackm1298@gmail.com
7,Hanbin,Kim,347928,khanbin@in.com
8,Jack,Marsh,342948,jackm1298@gmail.com
7,Hanbin,Kim,347928,khanbin@in.com
8,Jack,Marsh,342948,jackm1298@gmail.com
0,Ned,Madigan,04302,nedmak@djd.com
7,Hanbin,Kim,347928,khanbin@in.com
8,Jack,Marsh,342948,jackm1298@gmail.com
7,Hanbin,Kim,347928,khanbin@in.com
8,Jack,Marsh,342948,jackm1298@gmail.com
0,Ned,Madigan,040301,ned@sjis.com
7,Hanbin,Kim,347928,khanbin@in.com
8,Jack,Marsh,342948,jackm1298@gmail.com
0,bobo,goneo,032023,keo@ls.com
0,red,dog,93933,we@dms.com
7,Hanbin,Kim,347928,khanbin@in.com
8,Jack,Marsh,342948,jackm1298@gmail.com
0,longh,smith,38923,nddn@djd.com
0,steve,smith,39404,greg@gmail.com
7,Hanbin,Kim,347928,khanbin@in.com
8,Jack,Marsh,342948,jackm1298@gmail.com
7,Hanbin,Kim,347928,khanbin@in.com
8,Jack,Marsh,342948,jackm1298@gmail.com
7,Hanbin,Kim,347928,khanbin@in.com
8,Jack,Marsh,342948,jackm1298@gmail.com
0,bob,smith,101010,nedmemekek@gmail.com
7,Hanbin,Kim,347928,khanbin@in.com
8,Jack,Marsh,342948,jackm1298@gmail.com
0,Nepp,John,20390,endn@gmail.com
7,Hanbin,Kim,347928,khanbin@in.com
8,Jack,Marsh,342948,jackm1298@gmail.com
0,Ned,John,34902,tezt@gmail.com
